Variável,Valor
"X[0,0]",0.0
"X[0,1]",0.0
"X[0,2]",0.0
"X[0,3]",0.0
"X[0,4]",0.0
"X[0,5]",0.0
"X[0,6]",0.0
"X[0,7]",0.0
"X[0,8]",0.0
"X[0,9]",0.0
"X[1,0]",0.0
"X[1,1]",0.0
"X[1,2]",0.0
"X[1,3]",0.0
"X[1,4]",0.0
"X[1,5]",0.0
"X[1,6]",0.0
"X[1,7]",0.0
"X[1,8]",0.0
"X[1,9]",0.0
"X[2,0]",0.0
"X[2,1]",0.0
"X[2,2]",0.0
"X[2,3]",0.0
"X[2,4]",0.0
"X[2,5]",0.0
"X[2,6]",4470.956904991462
"X[2,7]",37236.37424153389
"X[2,8]",0.0
"X[2,9]",0.0
"X[3,0]",0.0
"X[3,1]",0.0
"X[3,2]",0.0
"X[3,3]",0.0
"X[3,4]",0.0
"X[3,5]",0.0
"X[3,6]",0.0
"X[3,7]",0.0
"X[3,8]",0.0
"X[3,9]",0.0
"X[4,0]",0.0
"X[4,1]",0.0
"X[4,2]",0.0
"X[4,3]",0.0
"X[4,4]",0.0
"X[4,5]",0.0
"X[4,6]",0.0
"X[4,7]",0.0
"X[4,8]",0.0
"X[4,9]",0.0
"X[5,0]",0.0
"X[5,1]",0.0
"X[5,2]",0.0
"X[5,3]",0.0
"X[5,4]",0.0
"X[5,5]",0.0
"X[5,6]",0.0
"X[5,7]",0.0
"X[5,8]",0.0
"X[5,9]",0.0
"X[6,0]",0.0
"X[6,1]",0.0
"X[6,2]",0.0
"X[6,3]",0.0
"X[6,4]",0.0
"X[6,5]",0.0
"X[6,6]",0.0
"X[6,7]",0.0
"X[6,8]",0.0
"X[6,9]",0.0
"X[7,0]",0.0
"X[7,1]",0.0
"X[7,2]",0.0
"X[7,3]",0.0
"X[7,4]",0.0
"X[7,5]",0.0
"X[7,6]",0.0
"X[7,7]",0.0
"X[7,8]",0.0
"X[7,9]",0.0
"X[8,0]",0.0
"X[8,1]",0.0
"X[8,2]",0.0
"X[8,3]",0.0
"X[8,4]",0.0
"X[8,5]",0.0
"X[8,6]",0.0
"X[8,7]",0.0
"X[8,8]",0.0
"X[8,9]",0.0
"X[9,0]",0.0
"X[9,1]",0.0
"X[9,2]",0.0
"X[9,3]",0.0
"X[9,4]",0.0
"X[9,5]",0.0
"X[9,6]",0.0
"X[9,7]",0.0
"X[9,8]",0.0
"X[9,9]",0.0
"Go[0,0]",0.0
"Go[0,1]",0.0
"Go[0,2]",0.0
"Go[0,3]",0.0
"Go[0,4]",0.0
"Go[0,5]",0.0
"Go[0,6]",0.0
"Go[0,7]",0.0
"Go[0,8]",0.0
"Go[0,9]",0.0
"Go[1,0]",0.0
"Go[1,1]",0.0
"Go[1,2]",0.0
"Go[1,3]",0.0
"Go[1,4]",0.0
"Go[1,5]",0.0
"Go[1,6]",0.0
"Go[1,7]",0.0
"Go[1,8]",0.0
"Go[1,9]",0.0
"Go[2,0]",0.0
"Go[2,1]",0.0
"Go[2,2]",0.0
"Go[2,3]",0.0
"Go[2,4]",0.0
"Go[2,5]",0.0
"Go[2,6]",0.0
"Go[2,7]",0.0
"Go[2,8]",0.0
"Go[2,9]",0.0
"Go[3,0]",0.0
"Go[3,1]",0.0
"Go[3,2]",0.0
"Go[3,3]",0.0
"Go[3,4]",0.0
"Go[3,5]",0.0
"Go[3,6]",0.0
"Go[3,7]",0.0
"Go[3,8]",0.0
"Go[3,9]",0.0
"Go[4,0]",0.0
"Go[4,1]",0.0
"Go[4,2]",0.0
"Go[4,3]",0.0
"Go[4,4]",0.0
"Go[4,5]",0.0
"Go[4,6]",0.0
"Go[4,7]",0.0
"Go[4,8]",0.0
"Go[4,9]",0.0
"Go[5,0]",0.0
"Go[5,1]",0.0
"Go[5,2]",0.0
"Go[5,3]",0.0
"Go[5,4]",0.0
"Go[5,5]",0.0
"Go[5,6]",0.0
"Go[5,7]",0.0
"Go[5,8]",0.0
"Go[5,9]",0.0
"Go[6,0]",0.0
"Go[6,1]",0.0
"Go[6,2]",1251.8679333976092
"Go[6,3]",0.0
"Go[6,4]",0.0
"Go[6,5]",0.0
"Go[6,6]",0.0
"Go[6,7]",0.0
"Go[6,8]",0.0
"Go[6,9]",0.0
"Go[7,0]",0.0
"Go[7,1]",0.0
"Go[7,2]",2166.967147880022
"Go[7,3]",0.0
"Go[7,4]",0.0
"Go[7,5]",0.0
"Go[7,6]",8259.217639749466
"Go[7,7]",0.0
"Go[7,8]",0.0
"Go[7,9]",0.0
"Go[8,0]",0.0
"Go[8,1]",0.0
"Go[8,2]",0.0
"Go[8,3]",0.0
"Go[8,4]",0.0
"Go[8,5]",0.0
"Go[8,6]",0.0
"Go[8,7]",0.0
"Go[8,8]",0.0
"Go[8,9]",0.0
"Go[9,0]",0.0
"Go[9,1]",0.0
"Go[9,2]",0.0
"Go[9,3]",0.0
"Go[9,4]",0.0
"Go[9,5]",0.0
"Go[9,6]",0.0
"Go[9,7]",0.0
"Go[9,8]",0.0
"Go[9,9]",0.0
"Gr[0,0]",0.0
"Gr[0,1]",0.0
"Gr[0,2]",0.0
"Gr[0,3]",0.0
"Gr[0,4]",0.0
"Gr[0,5]",0.0
"Gr[0,6]",0.0
"Gr[0,7]",0.0
"Gr[0,8]",0.0
"Gr[0,9]",0.0
"Gr[1,0]",0.0
"Gr[1,1]",0.0
"Gr[1,2]",0.0
"Gr[1,3]",0.0
"Gr[1,4]",0.0
"Gr[1,5]",0.0
"Gr[1,6]",0.0
"Gr[1,7]",0.0
"Gr[1,8]",0.0
"Gr[1,9]",0.0
"Gr[2,0]",0.0
"Gr[2,1]",0.0
"Gr[2,2]",0.0
"Gr[2,3]",0.0
"Gr[2,4]",0.0
"Gr[2,5]",0.0
"Gr[2,6]",0.0
"Gr[2,7]",0.0
"Gr[2,8]",0.0
"Gr[2,9]",0.0
"Gr[3,0]",0.0
"Gr[3,1]",0.0
"Gr[3,2]",0.0
"Gr[3,3]",0.0
"Gr[3,4]",0.0
"Gr[3,5]",0.0
"Gr[3,6]",0.0
"Gr[3,7]",0.0
"Gr[3,8]",0.0
"Gr[3,9]",0.0
"Gr[4,0]",0.0
"Gr[4,1]",0.0
"Gr[4,2]",0.0
"Gr[4,3]",0.0
"Gr[4,4]",0.0
"Gr[4,5]",0.0
"Gr[4,6]",0.0
"Gr[4,7]",0.0
"Gr[4,8]",0.0
"Gr[4,9]",0.0
"Gr[5,0]",0.0
"Gr[5,1]",0.0
"Gr[5,2]",0.0
"Gr[5,3]",0.0
"Gr[5,4]",0.0
"Gr[5,5]",0.0
"Gr[5,6]",0.0
"Gr[5,7]",0.0
"Gr[5,8]",0.0
"Gr[5,9]",0.0
"Gr[6,0]",0.0
"Gr[6,1]",0.0
"Gr[6,2]",0.0
"Gr[6,3]",0.0
"Gr[6,4]",312.9669833494023
"Gr[6,5]",0.0
"Gr[6,6]",0.0
"Gr[6,7]",0.0
"Gr[6,8]",0.0
"Gr[6,9]",0.0
"Gr[7,0]",0.0
"Gr[7,1]",0.0
"Gr[7,2]",0.0
"Gr[7,3]",0.0
"Gr[7,4]",0.0
"Gr[7,5]",0.0
"Gr[7,6]",0.0
"Gr[7,7]",0.0
"Gr[7,8]",2606.546196907372
"Gr[7,9]",0.0
"Gr[8,0]",0.0
"Gr[8,1]",0.0
"Gr[8,2]",0.0
"Gr[8,3]",0.0
"Gr[8,4]",0.0
"Gr[8,5]",0.0
"Gr[8,6]",0.0
"Gr[8,7]",0.0
"Gr[8,8]",0.0
"Gr[8,9]",0.0
"Gr[9,0]",0.0
"Gr[9,1]",0.0
"Gr[9,2]",0.0
"Gr[9,3]",0.0
"Gr[9,4]",0.0
"Gr[9,5]",0.0
"Gr[9,6]",0.0
"Gr[9,7]",0.0
"Gr[9,8]",0.0
"Gr[9,9]",0.0
"Gw[0,0]",0.0
"Gw[0,1]",0.0
"Gw[0,2]",0.0
"Gw[0,3]",0.0
"Gw[0,4]",0.0
"Gw[0,5]",0.0
"Gw[0,6]",0.0
"Gw[0,7]",0.0
"Gw[0,8]",0.0
"Gw[0,9]",0.0
"Gw[1,0]",0.0
"Gw[1,1]",0.0
"Gw[1,2]",0.0
"Gw[1,3]",0.0
"Gw[1,4]",0.0
"Gw[1,5]",0.0
"Gw[1,6]",0.0
"Gw[1,7]",0.0
"Gw[1,8]",0.0
"Gw[1,9]",0.0
"Gw[2,0]",0.0
"Gw[2,1]",0.0
"Gw[2,2]",0.0
"Gw[2,3]",0.0
"Gw[2,4]",0.0
"Gw[2,5]",0.0
"Gw[2,6]",0.0
"Gw[2,7]",0.0
"Gw[2,8]",0.0
"Gw[2,9]",0.0
"Gw[3,0]",0.0
"Gw[3,1]",0.0
"Gw[3,2]",0.0
"Gw[3,3]",0.0
"Gw[3,4]",0.0
"Gw[3,5]",0.0
"Gw[3,6]",0.0
"Gw[3,7]",0.0
"Gw[3,8]",0.0
"Gw[3,9]",0.0
"Gw[4,0]",0.0
"Gw[4,1]",0.0
"Gw[4,2]",0.0
"Gw[4,3]",0.0
"Gw[4,4]",0.0
"Gw[4,5]",0.0
"Gw[4,6]",0.0
"Gw[4,7]",0.0
"Gw[4,8]",0.0
"Gw[4,9]",0.0
"Gw[5,0]",0.0
"Gw[5,1]",0.0
"Gw[5,2]",0.0
"Gw[5,3]",0.0
"Gw[5,4]",0.0
"Gw[5,5]",0.0
"Gw[5,6]",0.0
"Gw[5,7]",0.0
"Gw[5,8]",0.0
"Gw[5,9]",0.0
"Gw[6,0]",0.0
"Gw[6,1]",0.0
"Gw[6,2]",0.0
"Gw[6,3]",0.0
"Gw[6,4]",0.0
"Gw[6,5]",0.0
"Gw[6,6]",0.0
"Gw[6,7]",2235.478452495731
"Gw[6,8]",0.0
"Gw[6,9]",0.0
"Gw[7,0]",0.0
"Gw[7,1]",0.0
"Gw[7,2]",0.0
"Gw[7,3]",0.0
"Gw[7,4]",0.0
"Gw[7,5]",0.0
"Gw[7,6]",0.0
"Gw[7,7]",18618.187120766946
"Gw[7,8]",0.0
"Gw[7,9]",0.0
"Gw[8,0]",0.0
"Gw[8,1]",0.0
"Gw[8,2]",0.0
"Gw[8,3]",0.0
"Gw[8,4]",0.0
"Gw[8,5]",0.0
"Gw[8,6]",0.0
"Gw[8,7]",0.0
"Gw[8,8]",0.0
"Gw[8,9]",0.0
"Gw[9,0]",0.0
"Gw[9,1]",0.0
"Gw[9,2]",0.0
"Gw[9,3]",0.0
"Gw[9,4]",0.0
"Gw[9,5]",0.0
"Gw[9,6]",0.0
"Gw[9,7]",0.0
"Gw[9,8]",0.0
"Gw[9,9]",0.0
"O[0,0]",0.0
"O[0,1]",0.0
"O[0,2]",0.0
"O[0,3]",0.0
"O[0,4]",0.0
"O[0,5]",0.0
"O[0,6]",0.0
"O[0,7]",0.0
"O[0,8]",0.0
"O[0,9]",0.0
"O[1,0]",0.0
"O[1,1]",0.0
"O[1,2]",0.0
"O[1,3]",0.0
"O[1,4]",0.0
"O[1,5]",0.0
"O[1,6]",0.0
"O[1,7]",0.0
"O[1,8]",0.0
"O[1,9]",0.0
"O[2,0]",0.0
"O[2,1]",0.0
"O[2,2]",0.0
"O[2,3]",0.0
"O[2,4]",0.0
"O[2,5]",0.0
"O[2,6]",0.0
"O[2,7]",0.0
"O[2,8]",0.0
"O[2,9]",0.0
"O[3,0]",0.0
"O[3,1]",0.0
"O[3,2]",0.0
"O[3,3]",0.0
"O[3,4]",0.0
"O[3,5]",0.0
"O[3,6]",0.0
"O[3,7]",0.0
"O[3,8]",0.0
"O[3,9]",0.0
"O[4,0]",0.0
"O[4,1]",0.0
"O[4,2]",0.0
"O[4,3]",0.0
"O[4,4]",0.0
"O[4,5]",0.0
"O[4,6]",0.0
"O[4,7]",112.52846853695286
"O[4,8]",75.25172147268852
"O[4,9]",0.0
"O[5,0]",0.0
"O[5,1]",0.0
"O[5,2]",0.0
"O[5,3]",0.0
"O[5,4]",0.0
"O[5,5]",0.0
"O[5,6]",0.0
"O[5,7]",0.0
"O[5,8]",0.0
"O[5,9]",0.0
"O[6,0]",0.0
"O[6,1]",0.0
"O[6,2]",0.0
"O[6,3]",0.0
"O[6,4]",0.0
"O[6,5]",0.0
"O[6,6]",0.0
"O[6,7]",0.0
"O[6,8]",0.0
"O[6,9]",0.0
"O[7,0]",0.0
"O[7,1]",0.0
"O[7,2]",0.0
"O[7,3]",0.0
"O[7,4]",0.0
"O[7,5]",0.0
"O[7,6]",0.0
"O[7,7]",0.0
"O[7,8]",0.0
"O[7,9]",0.0
"O[8,0]",137.90834962387834
"O[8,1]",167.94536862089834
"O[8,2]",113.59294284678299
"O[8,3]",177.7522295755726
"O[8,4]",199.67550199184615
"O[8,5]",176.1459616406949
"O[8,6]",119.51811480268866
"O[8,7]",0.0
"O[8,8]",52.96495547086492
"O[8,9]",166.48174011300614
"O[9,0]",0.0
"O[9,1]",0.0
"O[9,2]",0.0
"O[9,3]",0.0
"O[9,4]",0.0
"O[9,5]",0.0
"O[9,6]",0.0
"O[9,7]",0.0
"O[9,8]",0.0
"O[9,9]",0.0
"Oc[0,0]",0.0
"Oc[0,1]",0.0
"Oc[0,2]",0.0
"Oc[0,3]",0.0
"Oc[0,4]",0.0
"Oc[0,5]",0.0
"Oc[0,6]",0.0
"Oc[0,7]",0.0
"Oc[0,8]",0.0
"Oc[0,9]",0.0
"Oc[1,0]",0.0
"Oc[1,1]",0.0
"Oc[1,2]",0.0
"Oc[1,3]",0.0
"Oc[1,4]",0.0
"Oc[1,5]",0.0
"Oc[1,6]",0.0
"Oc[1,7]",0.0
"Oc[1,8]",0.0
"Oc[1,9]",0.0
"Oc[2,0]",0.0
"Oc[2,1]",0.0
"Oc[2,2]",0.0
"Oc[2,3]",0.0
"Oc[2,4]",0.0
"Oc[2,5]",0.0
"Oc[2,6]",0.0
"Oc[2,7]",0.0
"Oc[2,8]",0.0
"Oc[2,9]",0.0
"Oc[3,0]",0.0
"Oc[3,1]",0.0
"Oc[3,2]",0.0
"Oc[3,3]",0.0
"Oc[3,4]",0.0
"Oc[3,5]",0.0
"Oc[3,6]",0.0
"Oc[3,7]",0.0
"Oc[3,8]",0.0
"Oc[3,9]",0.0
"Oc[4,0]",0.0
"Oc[4,1]",0.0
"Oc[4,2]",0.0
"Oc[4,3]",0.0
"Oc[4,4]",0.0
"Oc[4,5]",0.0
"Oc[4,6]",0.0
"Oc[4,7]",0.0
"Oc[4,8]",0.0
"Oc[4,9]",0.0
"Oc[5,0]",0.0
"Oc[5,1]",0.0
"Oc[5,2]",0.0
"Oc[5,3]",0.0
"Oc[5,4]",0.0
"Oc[5,5]",0.0
"Oc[5,6]",0.0
"Oc[5,7]",0.0
"Oc[5,8]",0.0
"Oc[5,9]",0.0
"Oc[6,0]",0.0
"Oc[6,1]",0.0
"Oc[6,2]",0.0
"Oc[6,3]",0.0
"Oc[6,4]",0.0
"Oc[6,5]",0.0
"Oc[6,6]",0.0
"Oc[6,7]",0.0
"Oc[6,8]",0.0
"Oc[6,9]",0.0
"Oc[7,0]",0.0
"Oc[7,1]",0.0
"Oc[7,2]",0.0
"Oc[7,3]",0.0
"Oc[7,4]",0.0
"Oc[7,5]",0.0
"Oc[7,6]",0.0
"Oc[7,7]",0.0
"Oc[7,8]",0.0
"Oc[7,9]",0.0
"Oc[8,0]",0.0
"Oc[8,1]",0.0
"Oc[8,2]",0.0
"Oc[8,3]",251.94255345819042
"Oc[8,4]",0.0
"Oc[8,5]",0.0
"Oc[8,6]",0.0
"Oc[8,7]",0.0
"Oc[8,8]",0.0
"Oc[8,9]",0.0
"Oc[9,0]",0.0
"Oc[9,1]",0.0
"Oc[9,2]",0.0
"Oc[9,3]",0.0
"Oc[9,4]",0.0
"Oc[9,5]",0.0
"Oc[9,6]",0.0
"Oc[9,7]",0.0
"Oc[9,8]",0.0
"Oc[9,9]",0.0
"Ow[0,0]",0.0
"Ow[0,1]",0.0
"Ow[0,2]",0.0
"Ow[0,3]",0.0
"Ow[0,4]",0.0
"Ow[0,5]",0.0
"Ow[0,6]",0.0
"Ow[0,7]",0.0
"Ow[0,8]",0.0
"Ow[0,9]",0.0
"Ow[1,0]",0.0
"Ow[1,1]",0.0
"Ow[1,2]",0.0
"Ow[1,3]",0.0
"Ow[1,4]",0.0
"Ow[1,5]",0.0
"Ow[1,6]",0.0
"Ow[1,7]",0.0
"Ow[1,8]",0.0
"Ow[1,9]",0.0
"Ow[2,0]",0.0
"Ow[2,1]",0.0
"Ow[2,2]",0.0
"Ow[2,3]",0.0
"Ow[2,4]",0.0
"Ow[2,5]",0.0
"Ow[2,6]",0.0
"Ow[2,7]",0.0
"Ow[2,8]",0.0
"Ow[2,9]",0.0
"Ow[3,0]",0.0
"Ow[3,1]",0.0
"Ow[3,2]",0.0
"Ow[3,3]",0.0
"Ow[3,4]",0.0
"Ow[3,5]",0.0
"Ow[3,6]",0.0
"Ow[3,7]",0.0
"Ow[3,8]",0.0
"Ow[3,9]",0.0
"Ow[4,0]",0.0
"Ow[4,1]",0.0
"Ow[4,2]",0.0
"Ow[4,3]",0.0
"Ow[4,4]",0.0
"Ow[4,5]",0.0
"Ow[4,6]",0.0
"Ow[4,7]",0.0
"Ow[4,8]",0.0
"Ow[4,9]",0.0
"Ow[5,0]",0.0
"Ow[5,1]",0.0
"Ow[5,2]",0.0
"Ow[5,3]",0.0
"Ow[5,4]",0.0
"Ow[5,5]",0.0
"Ow[5,6]",0.0
"Ow[5,7]",0.0
"Ow[5,8]",0.0
"Ow[5,9]",0.0
"Ow[6,0]",0.0
"Ow[6,1]",0.0
"Ow[6,2]",0.0
"Ow[6,3]",0.0
"Ow[6,4]",0.0
"Ow[6,5]",0.0
"Ow[6,6]",0.0
"Ow[6,7]",0.0
"Ow[6,8]",0.0
"Ow[6,9]",0.0
"Ow[7,0]",0.0
"Ow[7,1]",0.0
"Ow[7,2]",0.0
"Ow[7,3]",0.0
"Ow[7,4]",0.0
"Ow[7,5]",0.0
"Ow[7,6]",0.0
"Ow[7,7]",0.0
"Ow[7,8]",0.0
"Ow[7,9]",0.0
"Ow[8,0]",0.0
"Ow[8,1]",0.0
"Ow[8,2]",0.0
"Ow[8,3]",0.0
"Ow[8,4]",0.0
"Ow[8,5]",0.0
"Ow[8,6]",0.0
"Ow[8,7]",0.0
"Ow[8,8]",0.0
"Ow[8,9]",0.0
"Ow[9,0]",0.0
"Ow[9,1]",0.0
"Ow[9,2]",0.0
"Ow[9,3]",0.0
"Ow[9,4]",0.0
"Ow[9,5]",0.0
"Ow[9,6]",0.0
"Ow[9,7]",0.0
"Ow[9,8]",0.0
"Ow[9,9]",0.0
"L[0,0]",0.0
"L[0,1]",0.0
"L[0,2]",0.0
"L[0,3]",0.0
"L[0,4]",0.0
"L[0,5]",0.0
"L[0,6]",0.0
"L[0,7]",0.0
"L[0,8]",0.0
"L[0,9]",0.0
"L[1,0]",0.0
"L[1,1]",0.0
"L[1,2]",0.0
"L[1,3]",0.0
"L[1,4]",0.0
"L[1,5]",0.0
"L[1,6]",0.0
"L[1,7]",0.0
"L[1,8]",0.0
"L[1,9]",0.0
"L[2,0]",0.0
"L[2,1]",0.0
"L[2,2]",0.0
"L[2,3]",0.0
"L[2,4]",0.0
"L[2,5]",0.0
"L[2,6]",0.0
"L[2,7]",0.0
"L[2,8]",0.0
"L[2,9]",0.0
"L[3,0]",72.90279528862959
"L[3,1]",59.48624773009969
"L[3,2]",32.331309021645325
"L[3,3]",57.093761092798665
"L[3,4]",62.102875975177184
"L[3,5]",66.78893856812836
"L[3,6]",25.280176333815334
"L[3,7]",60.47549386831601
"L[3,8]",20.88893118351439
"L[3,9]",46.5345778542563
"L[4,0]",0.0
"L[4,1]",0.0
"L[4,2]",0.0
"L[4,3]",0.0
"L[4,4]",0.0
"L[4,5]",0.0
"L[4,6]",0.0
"L[4,7]",0.0
"L[4,8]",0.0
"L[4,9]",0.0
"L[5,0]",0.0
"L[5,1]",0.0
"L[5,2]",0.0
"L[5,3]",0.0
"L[5,4]",0.0
"L[5,5]",0.0
"L[5,6]",0.0
"L[5,7]",0.0
"L[5,8]",0.0
"L[5,9]",0.0
"L[6,0]",0.0
"L[6,1]",0.0
"L[6,2]",0.0
"L[6,3]",0.0
"L[6,4]",0.0
"L[6,5]",0.0
"L[6,6]",0.0
"L[6,7]",0.0
"L[6,8]",0.0
"L[6,9]",0.0
"L[7,0]",0.0
"L[7,1]",0.0
"L[7,2]",0.0
"L[7,3]",0.0
"L[7,4]",0.0
"L[7,5]",0.0
"L[7,6]",0.0
"L[7,7]",0.0
"L[7,8]",0.0
"L[7,9]",0.0
"L[8,0]",0.0
"L[8,1]",0.0
"L[8,2]",0.0
"L[8,3]",0.0
"L[8,4]",0.0
"L[8,5]",0.0
"L[8,6]",0.0
"L[8,7]",0.0
"L[8,8]",0.0
"L[8,9]",0.0
"L[9,0]",0.0
"L[9,1]",0.0
"L[9,2]",0.0
"L[9,3]",0.0
"L[9,4]",0.0
"L[9,5]",0.0
"L[9,6]",0.0
"L[9,7]",0.0
"L[9,8]",0.0
"L[9,9]",0.0
"P[0,0]",0.0
"P[0,1]",0.0
"P[0,2]",0.0
"P[0,3]",0.0
"P[0,4]",0.0
"P[0,5]",0.0
"P[0,6]",0.0
"P[0,7]",0.0
"P[0,8]",0.0
"P[0,9]",0.0
"P[1,0]",0.0
"P[1,1]",0.0
"P[1,2]",0.0
"P[1,3]",0.0
"P[1,4]",0.0
"P[1,5]",0.0
"P[1,6]",0.0
"P[1,7]",0.0
"P[1,8]",0.0
"P[1,9]",0.0
"P[2,0]",394.0698207253266
"P[2,1]",387.74539005865006
"P[2,2]",292.2041736774888
"P[2,3]",294.19471749678996
"P[2,4]",322.1834154871962
"P[2,5]",376.7894821912016
"P[2,6]",367.15997773409987
"P[2,7]",345.9088568392225
"P[2,8]",364.5425105454821
"P[2,9]",308.22508733527155
"P[3,0]",0.0
"P[3,1]",0.0
"P[3,2]",0.0
"P[3,3]",0.0
"P[3,4]",0.0
"P[3,5]",0.0
"P[3,6]",0.0
"P[3,7]",0.0
"P[3,8]",0.0
"P[3,9]",0.0
"P[4,0]",0.0
"P[4,1]",0.0
"P[4,2]",0.0
"P[4,3]",0.0
"P[4,4]",0.0
"P[4,5]",0.0
"P[4,6]",0.0
"P[4,7]",0.0
"P[4,8]",0.0
"P[4,9]",0.0
"P[5,0]",0.0
"P[5,1]",0.0
"P[5,2]",0.0
"P[5,3]",0.0
"P[5,4]",0.0
"P[5,5]",0.0
"P[5,6]",0.0
"P[5,7]",0.0
"P[5,8]",0.0
"P[5,9]",0.0
"P[6,0]",0.0
"P[6,1]",0.0
"P[6,2]",0.0
"P[6,3]",0.0
"P[6,4]",0.0
"P[6,5]",0.0
"P[6,6]",0.0
"P[6,7]",0.0
"P[6,8]",0.0
"P[6,9]",0.0
"P[7,0]",0.0
"P[7,1]",0.0
"P[7,2]",0.0
"P[7,3]",0.0
"P[7,4]",0.0
"P[7,5]",0.0
"P[7,6]",0.0
"P[7,7]",0.0
"P[7,8]",0.0
"P[7,9]",0.0
"P[8,0]",0.0
"P[8,1]",0.0
"P[8,2]",0.0
"P[8,3]",0.0
"P[8,4]",0.0
"P[8,5]",0.0
"P[8,6]",0.0
"P[8,7]",0.0
"P[8,8]",0.0
"P[8,9]",0.0
"P[9,0]",0.0
"P[9,1]",0.0
"P[9,2]",0.0
"P[9,3]",0.0
"P[9,4]",0.0
"P[9,5]",0.0
"P[9,6]",0.0
"P[9,7]",0.0
"P[9,8]",0.0
"P[9,9]",0.0
"D[0,0]",0.0
"D[0,1]",0.0
"D[0,2]",0.0
"D[0,3]",0.0
"D[0,4]",0.0
"D[0,5]",0.0
"D[0,6]",0.0
"D[0,7]",0.0
"D[0,8]",0.0
"D[0,9]",0.0
"D[1,0]",0.0
"D[1,1]",0.0
"D[1,2]",0.0
"D[1,3]",0.0
"D[1,4]",0.0
"D[1,5]",0.0
"D[1,6]",0.0
"D[1,7]",0.0
"D[1,8]",0.0
"D[1,9]",0.0
"D[2,0]",0.0
"D[2,1]",0.0
"D[2,2]",0.0
"D[2,3]",0.0
"D[2,4]",0.0
"D[2,5]",0.0
"D[2,6]",0.0
"D[2,7]",0.0
"D[2,8]",0.0
"D[2,9]",0.0
"D[3,0]",0.0
"D[3,1]",0.0
"D[3,2]",0.0
"D[3,3]",0.0
"D[3,4]",0.0
"D[3,5]",0.0
"D[3,6]",0.0
"D[3,7]",0.0
"D[3,8]",0.0
"D[3,9]",0.0
"D[4,0]",0.0
"D[4,1]",0.0
"D[4,2]",0.0
"D[4,3]",0.0
"D[4,4]",0.0
"D[4,5]",0.0
"D[4,6]",0.0
"D[4,7]",0.0
"D[4,8]",0.0
"D[4,9]",0.0
"D[5,0]",0.0
"D[5,1]",0.0
"D[5,2]",0.0
"D[5,3]",0.0
"D[5,4]",0.0
"D[5,5]",0.0
"D[5,6]",0.0
"D[5,7]",0.0
"D[5,8]",0.0
"D[5,9]",0.0
"D[6,0]",0.0
"D[6,1]",0.0
"D[6,2]",0.0
"D[6,3]",0.0
"D[6,4]",0.0
"D[6,5]",0.0
"D[6,6]",0.0
"D[6,7]",0.0
"D[6,8]",0.0
"D[6,9]",0.0
"D[7,0]",0.0
"D[7,1]",0.0
"D[7,2]",0.0
"D[7,3]",0.0
"D[7,4]",0.0
"D[7,5]",0.0
"D[7,6]",0.0
"D[7,7]",0.0
"D[7,8]",0.0
"D[7,9]",0.0
"D[8,0]",0.0
"D[8,1]",0.0
"D[8,2]",0.0
"D[8,3]",0.0
"D[8,4]",0.0
"D[8,5]",0.0
"D[8,6]",0.0
"D[8,7]",0.0
"D[8,8]",0.0
"D[8,9]",0.0
"D[9,0]",0.0
"D[9,1]",0.0
"D[9,2]",0.0
"D[9,3]",0.0
"D[9,4]",0.0
"D[9,5]",0.0
"D[9,6]",0.0
"D[9,7]",0.0
"D[9,8]",0.0
"D[9,9]",0.0
U[0],-0.0
U[1],-0.0
U[2],-0.0
U[3],-0.0
U[4],-0.0
U[5],-0.0
U[6],1.0
U[7],1.0
U[8],-0.0
U[9],-0.0
Y[0],-0.0
Y[1],-0.0
Y[2],0.0
Y[3],-0.0
Y[4],-0.0
Y[5],-0.0
Y[6],-0.0
Y[7],1.0
Y[8],-0.0
Y[9],-0.0
W[0],-0.0
W[1],-0.0
W[2],1.0
W[3],-0.0
W[4],-0.0
W[5],-0.0
W[6],1.0
W[7],0.0
W[8],-0.0
W[9],-0.0
R[0],-0.0
R[1],-0.0
R[2],-0.0
R[3],-0.0
R[4],1.0
R[5],-0.0
R[6],-0.0
R[7],-0.0
R[8],1.0
R[9],-0.0
V[0],-0.0
V[1],-0.0
V[2],-0.0
V[3],1.0
V[4],-0.0
V[5],-0.0
V[6],-0.0
V[7],0.0
V[8],-0.0
V[9],0.0
